"tecnologia","categoria","asimetria_pp","par"
"Big Data","Fabricação de produtos alimentícios",1.7,"admin_producao"
"Big Data","Fabricação de produtos alimentícios",2.8,"admin_projeto"
"Big Data","Fabricação de produtos alimentícios",-1.1,"projeto_producao"
"Big Data","Fabricação de bebidas",1.6,"admin_producao"
"Big Data","Fabricação de bebidas",0,"admin_projeto"
"Big Data","Fabricação de bebidas",1.6,"projeto_producao"
"Big Data","Fabricação de produtos do fumo",9.1,"admin_producao"
"Big Data","Fabricação de produtos do fumo",4.6,"admin_projeto"
"Big Data","Fabricação de produtos do fumo",4.5,"projeto_producao"
"Big Data","Fabricação de produtos têxteis",1.7,"admin_producao"
"Big Data","Fabricação de produtos têxteis",-0.4,"admin_projeto"
"Big Data","Fabricação de produtos têxteis",2.1,"projeto_producao"
"Big Data","Confecção de artigos do vestuário e acessórios",0.5,"admin_producao"
"Big Data","Confecção de artigos do vestuário e acessórios",1.9,"admin_projeto"
"Big Data","Confecção de artigos do vestuário e acessórios",-1.4,"projeto_producao"
"Big Data","Preparação de couros e fabricação de artefatos de couro, artigos de viagem e calçados",4.5,"admin_producao"
"Big Data","Preparação de couros e fabricação de artefatos de couro, artigos de viagem e calçados",1.8,"admin_projeto"
"Big Data","Preparação de couros e fabricação de artefatos de couro, artigos de viagem e calçados",2.7,"projeto_producao"
"Big Data","Fabricação de produtos de madeira",0.4,"admin_producao"
"Big Data","Fabricação de produtos de madeira",1.3,"admin_projeto"
"Big Data","Fabricação de produtos de madeira",-0.9,"projeto_producao"
"Big Data","Fabricação de celulose, papel e produtos de papel",0,"admin_producao"
"Big Data","Fabricação de celulose, papel e produtos de papel",-2,"admin_projeto"
"Big Data","Fabricação de celulose, papel e produtos de papel",2,"projeto_producao"
"Big Data","Impressão e reprodução de gravações",2.7,"admin_producao"
"Big Data","Impressão e reprodução de gravações",-4,"admin_projeto"
"Big Data","Impressão e reprodução de gravações",6.7,"projeto_producao"
"Big Data","Fabricação de coque, de produtos derivados do petróleo e de biocombustíveis",-3.9,"admin_producao"
"Big Data","Fabricação de coque, de produtos derivados do petróleo e de biocombustíveis",0,"admin_projeto"
"Big Data","Fabricação de coque, de produtos derivados do petróleo e de biocombustíveis",-3.9,"projeto_producao"
"Big Data","Fabricação de produtos químicos",2.1,"admin_producao"
"Big Data","Fabricação de produtos químicos",-1.3,"admin_projeto"
"Big Data","Fabricação de produtos químicos",3.4,"projeto_producao"
"Big Data","Fabricação de produtos farmoquímicos e farmacêuticos",14.4,"admin_producao"
"Big Data","Fabricação de produtos farmoquímicos e farmacêuticos",10.3,"admin_projeto"
"Big Data","Fabricação de produtos farmoquímicos e farmacêuticos",4.1,"projeto_producao"
"Big Data","Fabricação de artigos de borracha e plástico",-1.9,"admin_producao"
"Big Data","Fabricação de artigos de borracha e plástico",0.9,"admin_projeto"
"Big Data","Fabricação de artigos de borracha e plástico",-2.8,"projeto_producao"
"Big Data","Fabricação de produtos de minerais não-metálicos",-0.1,"admin_producao"
"Big Data","Fabricação de produtos de minerais não-metálicos",1.8,"admin_projeto"
"Big Data","Fabricação de produtos de minerais não-metálicos",-1.9,"projeto_producao"
"Big Data","Metalurgia",-4.6,"admin_producao"
"Big Data","Metalurgia",-8.5,"admin_projeto"
"Big Data","Metalurgia",3.9,"projeto_producao"
"Big Data","Fabricação de produtos de metal",1.6,"admin_producao"
"Big Data","Fabricação de produtos de metal",7.4,"admin_projeto"
"Big Data","Fabricação de produtos de metal",-5.8,"projeto_producao"
"Big Data","Fabricação de equipamentos de informática, produtos eletrônicos e ópticos",4.9,"admin_producao"
"Big Data","Fabricação de equipamentos de informática, produtos eletrônicos e ópticos",-8.5,"admin_projeto"
"Big Data","Fabricação de equipamentos de informática, produtos eletrônicos e ópticos",13.4,"projeto_producao"
"Big Data","Fabricação de máquinas, aparelhos e materiais elétricos",9.6,"admin_producao"
"Big Data","Fabricação de máquinas, aparelhos e materiais elétricos",6.2,"admin_projeto"
"Big Data","Fabricação de máquinas, aparelhos e materiais elétricos",3.4,"projeto_producao"
"Big Data","Fabricação de máquinas e equipamentos",5.3,"admin_producao"
"Big Data","Fabricação de máquinas e equipamentos",3.4,"admin_projeto"
"Big Data","Fabricação de máquinas e equipamentos",1.9,"projeto_producao"
"Big Data","Fabricação de veículos automotores, reboques e carrocerias",3.3,"admin_producao"
"Big Data","Fabricação de veículos automotores, reboques e carrocerias",2.2,"admin_projeto"
"Big Data","Fabricação de veículos automotores, reboques e carrocerias",1.1,"projeto_producao"
"Big Data","Fabricação de outros equipamentos de transporte",0.8,"admin_producao"
"Big Data","Fabricação de outros equipamentos de transporte",-5.4,"admin_projeto"
"Big Data","Fabricação de outros equipamentos de transporte",6.2,"projeto_producao"
"Big Data","Fabricação de móveis",0.3,"admin_producao"
"Big Data","Fabricação de móveis",0.8,"admin_projeto"
"Big Data","Fabricação de móveis",-0.5,"projeto_producao"
"Big Data","Fabricação de produtos diversos",0,"admin_producao"
"Big Data","Fabricação de produtos diversos",-1.5,"admin_projeto"
"Big Data","Fabricação de produtos diversos",1.5,"projeto_producao"
"Big Data","Manutenção, reparação e instalação de máquinas e equipamentos",0.6,"admin_producao"
"Big Data","Manutenção, reparação e instalação de máquinas e equipamentos",0.3,"admin_projeto"
"Big Data","Manutenção, reparação e instalação de máquinas e equipamentos",0.3,"projeto_producao"
"Cloud","Fabricação de produtos alimentícios",15.7,"admin_producao"
"Cloud","Fabricação de produtos alimentícios",17.7,"admin_projeto"
"Cloud","Fabricação de produtos alimentícios",-2,"projeto_producao"
"Cloud","Fabricação de bebidas",15.3,"admin_producao"
"Cloud","Fabricação de bebidas",14,"admin_projeto"
"Cloud","Fabricação de bebidas",1.3,"projeto_producao"
"Cloud","Fabricação de produtos do fumo",22.9,"admin_producao"
"Cloud","Fabricação de produtos do fumo",27.5,"admin_projeto"
"Cloud","Fabricação de produtos do fumo",-4.6,"projeto_producao"
"Cloud","Fabricação de produtos têxteis",18,"admin_producao"
"Cloud","Fabricação de produtos têxteis",11.3,"admin_projeto"
"Cloud","Fabricação de produtos têxteis",6.7,"projeto_producao"
"Cloud","Confecção de artigos do vestuário e acessórios",16.4,"admin_producao"
"Cloud","Confecção de artigos do vestuário e acessórios",9.6,"admin_projeto"
"Cloud","Confecção de artigos do vestuário e acessórios",6.8,"projeto_producao"
"Cloud","Preparação de couros e fabricação de artefatos de couro, artigos de viagem e calçados",21.9,"admin_producao"
"Cloud","Preparação de couros e fabricação de artefatos de couro, artigos de viagem e calçados",3,"admin_projeto"
"Cloud","Preparação de couros e fabricação de artefatos de couro, artigos de viagem e calçados",18.9,"projeto_producao"
"Cloud","Fabricação de produtos de madeira",11.9,"admin_producao"
"Cloud","Fabricação de produtos de madeira",24,"admin_projeto"
"Cloud","Fabricação de produtos de madeira",-12.1,"projeto_producao"
"Cloud","Fabricação de celulose, papel e produtos de papel",10,"admin_producao"
"Cloud","Fabricação de celulose, papel e produtos de papel",11.8,"admin_projeto"
"Cloud","Fabricação de celulose, papel e produtos de papel",-1.8,"projeto_producao"
"Cloud","Impressão e reprodução de gravações",16.1,"admin_producao"
"Cloud","Impressão e reprodução de gravações",17.4,"admin_projeto"
"Cloud","Impressão e reprodução de gravações",-1.3,"projeto_producao"
"Cloud","Fabricação de coque, de produtos derivados do petróleo e de biocombustíveis",12.3,"admin_producao"
"Cloud","Fabricação de coque, de produtos derivados do petróleo e de biocombustíveis",1.8,"admin_projeto"
"Cloud","Fabricação de coque, de produtos derivados do petróleo e de biocombustíveis",10.5,"projeto_producao"
"Cloud","Fabricação de produtos químicos",14.2,"admin_producao"
"Cloud","Fabricação de produtos químicos",10.2,"admin_projeto"
"Cloud","Fabricação de produtos químicos",4,"projeto_producao"
"Cloud","Fabricação de produtos farmoquímicos e farmacêuticos",14.1,"admin_producao"
"Cloud","Fabricação de produtos farmoquímicos e farmacêuticos",13.9,"admin_projeto"
"Cloud","Fabricação de produtos farmoquímicos e farmacêuticos",0.2,"projeto_producao"
"Cloud","Fabricação de artigos de borracha e plástico",19.3,"admin_producao"
"Cloud","Fabricação de artigos de borracha e plástico",22.7,"admin_projeto"
"Cloud","Fabricação de artigos de borracha e plástico",-3.4,"projeto_producao"
"Cloud","Fabricação de produtos de minerais não-metálicos",19.2,"admin_producao"
"Cloud","Fabricação de produtos de minerais não-metálicos",12.5,"admin_projeto"
"Cloud","Fabricação de produtos de minerais não-metálicos",6.7,"projeto_producao"
"Cloud","Metalurgia",12,"admin_producao"
"Cloud","Metalurgia",4,"admin_projeto"
"Cloud","Metalurgia",8,"projeto_producao"
"Cloud","Fabricação de produtos de metal",20.6,"admin_producao"
"Cloud","Fabricação de produtos de metal",23.7,"admin_projeto"
"Cloud","Fabricação de produtos de metal",-3.1,"projeto_producao"
"Cloud","Fabricação de equipamentos de informática, produtos eletrônicos e ópticos",13.1,"admin_producao"
"Cloud","Fabricação de equipamentos de informática, produtos eletrônicos e ópticos",-4.1,"admin_projeto"
"Cloud","Fabricação de equipamentos de informática, produtos eletrônicos e ópticos",17.2,"projeto_producao"
"Cloud","Fabricação de máquinas, aparelhos e materiais elétricos",16.3,"admin_producao"
"Cloud","Fabricação de máquinas, aparelhos e materiais elétricos",6.3,"admin_projeto"
"Cloud","Fabricação de máquinas, aparelhos e materiais elétricos",10,"projeto_producao"
"Cloud","Fabricação de máquinas e equipamentos",19.2,"admin_producao"
"Cloud","Fabricação de máquinas e equipamentos",13.9,"admin_projeto"
"Cloud","Fabricação de máquinas e equipamentos",5.3,"projeto_producao"
"Cloud","Fabricação de veículos automotores, reboques e carrocerias",19.5,"admin_producao"
"Cloud","Fabricação de veículos automotores, reboques e carrocerias",12.3,"admin_projeto"
"Cloud","Fabricação de veículos automotores, reboques e carrocerias",7.2,"projeto_producao"
"Cloud","Fabricação de outros equipamentos de transporte",19.3,"admin_producao"
"Cloud","Fabricação de outros equipamentos de transporte",9.2,"admin_projeto"
"Cloud","Fabricação de outros equipamentos de transporte",10.1,"projeto_producao"
"Cloud","Fabricação de móveis",17.7,"admin_producao"
"Cloud","Fabricação de móveis",7.7,"admin_projeto"
"Cloud","Fabricação de móveis",10,"projeto_producao"
"Cloud","Fabricação de produtos diversos",18,"admin_producao"
"Cloud","Fabricação de produtos diversos",10.8,"admin_projeto"
"Cloud","Fabricação de produtos diversos",7.2,"projeto_producao"
"Cloud","Manutenção, reparação e instalação de máquinas e equipamentos",17.8,"admin_producao"
"Cloud","Manutenção, reparação e instalação de máquinas e equipamentos",14.1,"admin_projeto"
"Cloud","Manutenção, reparação e instalação de máquinas e equipamentos",3.7,"projeto_producao"
"IA","Fabricação de produtos alimentícios",12.5,"admin_producao"
"IA","Fabricação de produtos alimentícios",6.9,"admin_projeto"
"IA","Fabricação de produtos alimentícios",5.6,"projeto_producao"
"IA","Fabricação de bebidas",12,"admin_producao"
"IA","Fabricação de bebidas",8.3,"admin_projeto"
"IA","Fabricação de bebidas",3.7,"projeto_producao"
"IA","Fabricação de produtos do fumo",18.3,"admin_producao"
"IA","Fabricação de produtos do fumo",9.2,"admin_projeto"
"IA","Fabricação de produtos do fumo",9.1,"projeto_producao"
"IA","Fabricação de produtos têxteis",20.5,"admin_producao"
"IA","Fabricação de produtos têxteis",2,"admin_projeto"
"IA","Fabricação de produtos têxteis",18.5,"projeto_producao"
"IA","Confecção de artigos do vestuário e acessórios",13.1,"admin_producao"
"IA","Confecção de artigos do vestuário e acessórios",0.6,"admin_projeto"
"IA","Confecção de artigos do vestuário e acessórios",12.5,"projeto_producao"
"IA","Preparação de couros e fabricação de artefatos de couro, artigos de viagem e calçados",11.5,"admin_producao"
"IA","Preparação de couros e fabricação de artefatos de couro, artigos de viagem e calçados",3.6,"admin_projeto"
"IA","Preparação de couros e fabricação de artefatos de couro, artigos de viagem e calçados",7.9,"projeto_producao"
"IA","Fabricação de produtos de madeira",12.8,"admin_producao"
"IA","Fabricação de produtos de madeira",4.8,"admin_projeto"
"IA","Fabricação de produtos de madeira",8,"projeto_producao"
"IA","Fabricação de celulose, papel e produtos de papel",8.4,"admin_producao"
"IA","Fabricação de celulose, papel e produtos de papel",10.8,"admin_projeto"
"IA","Fabricação de celulose, papel e produtos de papel",-2.4,"projeto_producao"
"IA","Impressão e reprodução de gravações",-7,"admin_producao"
"IA","Impressão e reprodução de gravações",-4.4,"admin_projeto"
"IA","Impressão e reprodução de gravações",-2.6,"projeto_producao"
"IA","Fabricação de coque, de produtos derivados do petróleo e de biocombustíveis",9,"admin_producao"
"IA","Fabricação de coque, de produtos derivados do petróleo e de biocombustíveis",5.8,"admin_projeto"
"IA","Fabricação de coque, de produtos derivados do petróleo e de biocombustíveis",3.2,"projeto_producao"
"IA","Fabricação de produtos químicos",21,"admin_producao"
"IA","Fabricação de produtos químicos",5.7,"admin_projeto"
"IA","Fabricação de produtos químicos",15.3,"projeto_producao"
"IA","Fabricação de produtos farmoquímicos e farmacêuticos",20.1,"admin_producao"
"IA","Fabricação de produtos farmoquímicos e farmacêuticos",12.9,"admin_projeto"
"IA","Fabricação de produtos farmoquímicos e farmacêuticos",7.2,"projeto_producao"
"IA","Fabricação de artigos de borracha e plástico",16.2,"admin_producao"
"IA","Fabricação de artigos de borracha e plástico",10.1,"admin_projeto"
"IA","Fabricação de artigos de borracha e plástico",6.1,"projeto_producao"
"IA","Fabricação de produtos de minerais não-metálicos",18.7,"admin_producao"
"IA","Fabricação de produtos de minerais não-metálicos",12.5,"admin_projeto"
"IA","Fabricação de produtos de minerais não-metálicos",6.2,"projeto_producao"
"IA","Metalurgia",4.1,"admin_producao"
"IA","Metalurgia",0.7,"admin_projeto"
"IA","Metalurgia",3.4,"projeto_producao"
"IA","Fabricação de produtos de metal",13.7,"admin_producao"
"IA","Fabricação de produtos de metal",15.8,"admin_projeto"
"IA","Fabricação de produtos de metal",-2.1,"projeto_producao"
"IA","Fabricação de equipamentos de informática, produtos eletrônicos e ópticos",36.4,"admin_producao"
"IA","Fabricação de equipamentos de informática, produtos eletrônicos e ópticos",3.5,"admin_projeto"
"IA","Fabricação de equipamentos de informática, produtos eletrônicos e ópticos",32.9,"projeto_producao"
"IA","Fabricação de máquinas, aparelhos e materiais elétricos",17.1,"admin_producao"
"IA","Fabricação de máquinas, aparelhos e materiais elétricos",7.1,"admin_projeto"
"IA","Fabricação de máquinas, aparelhos e materiais elétricos",10,"projeto_producao"
"IA","Fabricação de máquinas e equipamentos",21.5,"admin_producao"
"IA","Fabricação de máquinas e equipamentos",3.4,"admin_projeto"
"IA","Fabricação de máquinas e equipamentos",18.1,"projeto_producao"
"IA","Fabricação de veículos automotores, reboques e carrocerias",12.7,"admin_producao"
"IA","Fabricação de veículos automotores, reboques e carrocerias",5.6,"admin_projeto"
"IA","Fabricação de veículos automotores, reboques e carrocerias",7.1,"projeto_producao"
"IA","Fabricação de outros equipamentos de transporte",20.6,"admin_producao"
"IA","Fabricação de outros equipamentos de transporte",5.5,"admin_projeto"
"IA","Fabricação de outros equipamentos de transporte",15.1,"projeto_producao"
"IA","Fabricação de móveis",12.7,"admin_producao"
"IA","Fabricação de móveis",1.6,"admin_projeto"
"IA","Fabricação de móveis",11.1,"projeto_producao"
"IA","Fabricação de produtos diversos",28.8,"admin_producao"
"IA","Fabricação de produtos diversos",6.9,"admin_projeto"
"IA","Fabricação de produtos diversos",21.9,"projeto_producao"
"IA","Manutenção, reparação e instalação de máquinas e equipamentos",6.7,"admin_producao"
"IA","Manutenção, reparação e instalação de máquinas e equipamentos",1.5,"admin_projeto"
"IA","Manutenção, reparação e instalação de máquinas e equipamentos",5.2,"projeto_producao"
"IoT","Fabricação de produtos alimentícios",-11.8,"admin_producao"
"IoT","Fabricação de produtos alimentícios",2.2,"admin_projeto"
"IoT","Fabricação de produtos alimentícios",-14,"projeto_producao"
"IoT","Fabricação de bebidas",2.8,"admin_producao"
"IoT","Fabricação de bebidas",1.5,"admin_projeto"
"IoT","Fabricação de bebidas",1.3,"projeto_producao"
"IoT","Fabricação de produtos do fumo",0,"admin_producao"
"IoT","Fabricação de produtos do fumo",9.1,"admin_projeto"
"IoT","Fabricação de produtos do fumo",-9.1,"projeto_producao"
"IoT","Fabricação de produtos têxteis",2.3,"admin_producao"
"IoT","Fabricação de produtos têxteis",11.9,"admin_projeto"
"IoT","Fabricação de produtos têxteis",-9.6,"projeto_producao"
"IoT","Confecção de artigos do vestuário e acessórios",-2.6,"admin_producao"
"IoT","Confecção de artigos do vestuário e acessórios",3.5,"admin_projeto"
"IoT","Confecção de artigos do vestuário e acessórios",-6.1,"projeto_producao"
"IoT","Preparação de couros e fabricação de artefatos de couro, artigos de viagem e calçados",-1.1,"admin_producao"
"IoT","Preparação de couros e fabricação de artefatos de couro, artigos de viagem e calçados",2.5,"admin_projeto"
"IoT","Preparação de couros e fabricação de artefatos de couro, artigos de viagem e calçados",-3.6,"projeto_producao"
"IoT","Fabricação de produtos de madeira",-12.8,"admin_producao"
"IoT","Fabricação de produtos de madeira",0.6,"admin_projeto"
"IoT","Fabricação de produtos de madeira",-13.4,"projeto_producao"
"IoT","Fabricação de celulose, papel e produtos de papel",-11.9,"admin_producao"
"IoT","Fabricação de celulose, papel e produtos de papel",-1.1,"admin_projeto"
"IoT","Fabricação de celulose, papel e produtos de papel",-10.8,"projeto_producao"
"IoT","Impressão e reprodução de gravações",2.6,"admin_producao"
"IoT","Impressão e reprodução de gravações",3.7,"admin_projeto"
"IoT","Impressão e reprodução de gravações",-1.1,"projeto_producao"
"IoT","Fabricação de coque, de produtos derivados do petróleo e de biocombustíveis",-16,"admin_producao"
"IoT","Fabricação de coque, de produtos derivados do petróleo e de biocombustíveis",-0.9,"admin_projeto"
"IoT","Fabricação de coque, de produtos derivados do petróleo e de biocombustíveis",-15.1,"projeto_producao"
"IoT","Fabricação de produtos químicos",-6.9,"admin_producao"
"IoT","Fabricação de produtos químicos",0.7,"admin_projeto"
"IoT","Fabricação de produtos químicos",-7.6,"projeto_producao"
"IoT","Fabricação de produtos farmoquímicos e farmacêuticos",-23.4,"admin_producao"
"IoT","Fabricação de produtos farmoquímicos e farmacêuticos",-8.3,"admin_projeto"
"IoT","Fabricação de produtos farmoquímicos e farmacêuticos",-15.1,"projeto_producao"
"IoT","Fabricação de artigos de borracha e plástico",-3.3,"admin_producao"
"IoT","Fabricação de artigos de borracha e plástico",-3.1,"admin_projeto"
"IoT","Fabricação de artigos de borracha e plástico",-0.2,"projeto_producao"
"IoT","Fabricação de produtos de minerais não-metálicos",-3.3,"admin_producao"
"IoT","Fabricação de produtos de minerais não-metálicos",11.9,"admin_projeto"
"IoT","Fabricação de produtos de minerais não-metálicos",-15.2,"projeto_producao"
"IoT","Metalurgia",-12.9,"admin_producao"
"IoT","Metalurgia",-7.2,"admin_projeto"
"IoT","Metalurgia",-5.7,"projeto_producao"
"IoT","Fabricação de produtos de metal",-0.8,"admin_producao"
"IoT","Fabricação de produtos de metal",12.5,"admin_projeto"
"IoT","Fabricação de produtos de metal",-13.3,"projeto_producao"
"IoT","Fabricação de equipamentos de informática, produtos eletrônicos e ópticos",-10.2,"admin_producao"
"IoT","Fabricação de equipamentos de informática, produtos eletrônicos e ópticos",-8.5,"admin_projeto"
"IoT","Fabricação de equipamentos de informática, produtos eletrônicos e ópticos",-1.7,"projeto_producao"
"IoT","Fabricação de máquinas, aparelhos e materiais elétricos",-12.5,"admin_producao"
"IoT","Fabricação de máquinas, aparelhos e materiais elétricos",-2,"admin_projeto"
"IoT","Fabricação de máquinas, aparelhos e materiais elétricos",-10.5,"projeto_producao"
"IoT","Fabricação de máquinas e equipamentos",-5.1,"admin_producao"
"IoT","Fabricação de máquinas e equipamentos",-9,"admin_projeto"
"IoT","Fabricação de máquinas e equipamentos",3.9,"projeto_producao"
"IoT","Fabricação de veículos automotores, reboques e carrocerias",0.2,"admin_producao"
"IoT","Fabricação de veículos automotores, reboques e carrocerias",2.4,"admin_projeto"
"IoT","Fabricação de veículos automotores, reboques e carrocerias",-2.2,"projeto_producao"
"IoT","Fabricação de outros equipamentos de transporte",-1.3,"admin_producao"
"IoT","Fabricação de outros equipamentos de transporte",13.8,"admin_projeto"
"IoT","Fabricação de outros equipamentos de transporte",-15.1,"projeto_producao"
"IoT","Fabricação de móveis",2.5,"admin_producao"
"IoT","Fabricação de móveis",3.4,"admin_projeto"
"IoT","Fabricação de móveis",-0.9,"projeto_producao"
"IoT","Fabricação de produtos diversos",5.1,"admin_producao"
"IoT","Fabricação de produtos diversos",2.5,"admin_projeto"
"IoT","Fabricação de produtos diversos",2.6,"projeto_producao"
"IoT","Manutenção, reparação e instalação de máquinas e equipamentos",11.1,"admin_producao"
"IoT","Manutenção, reparação e instalação de máquinas e equipamentos",6.9,"admin_projeto"
"IoT","Manutenção, reparação e instalação de máquinas e equipamentos",4.2,"projeto_producao"
"Manufatura aditiva","Fabricação de produtos alimentícios",-3.4,"admin_producao"
"Manufatura aditiva","Fabricação de produtos alimentícios",-5.6,"admin_projeto"
"Manufatura aditiva","Fabricação de produtos alimentícios",2.2,"projeto_producao"
"Manufatura aditiva","Fabricação de bebidas",-15.5,"admin_producao"
"Manufatura aditiva","Fabricação de bebidas",-6.5,"admin_projeto"
"Manufatura aditiva","Fabricação de bebidas",-9,"projeto_producao"
"Manufatura aditiva","Fabricação de produtos do fumo",0,"admin_producao"
"Manufatura aditiva","Fabricação de produtos do fumo",-4.6,"admin_projeto"
"Manufatura aditiva","Fabricação de produtos do fumo",4.6,"projeto_producao"
"Manufatura aditiva","Fabricação de produtos têxteis",-4.6,"admin_producao"
"Manufatura aditiva","Fabricação de produtos têxteis",0.7,"admin_projeto"
"Manufatura aditiva","Fabricação de produtos têxteis",-5.3,"projeto_producao"
"Manufatura aditiva","Confecção de artigos do vestuário e acessórios",-3.4,"admin_producao"
"Manufatura aditiva","Confecção de artigos do vestuário e acessórios",-3.6,"admin_projeto"
"Manufatura aditiva","Confecção de artigos do vestuário e acessórios",0.2,"projeto_producao"
"Manufatura aditiva","Preparação de couros e fabricação de artefatos de couro, artigos de viagem e calçados",-9.4,"admin_producao"
"Manufatura aditiva","Preparação de couros e fabricação de artefatos de couro, artigos de viagem e calçados",-33,"admin_projeto"
"Manufatura aditiva","Preparação de couros e fabricação de artefatos de couro, artigos de viagem e calçados",23.6,"projeto_producao"
"Manufatura aditiva","Fabricação de produtos de madeira",-4.8,"admin_producao"
"Manufatura aditiva","Fabricação de produtos de madeira",-8.7,"admin_projeto"
"Manufatura aditiva","Fabricação de produtos de madeira",3.9,"projeto_producao"
"Manufatura aditiva","Fabricação de celulose, papel e produtos de papel",-5.7,"admin_producao"
"Manufatura aditiva","Fabricação de celulose, papel e produtos de papel",-7.9,"admin_projeto"
"Manufatura aditiva","Fabricação de celulose, papel e produtos de papel",2.2,"projeto_producao"
"Manufatura aditiva","Impressão e reprodução de gravações",-5.1,"admin_producao"
"Manufatura aditiva","Impressão e reprodução de gravações",-21.9,"admin_projeto"
"Manufatura aditiva","Impressão e reprodução de gravações",16.8,"projeto_producao"
"Manufatura aditiva","Fabricação de coque, de produtos derivados do petróleo e de biocombustíveis",-0.7,"admin_producao"
"Manufatura aditiva","Fabricação de coque, de produtos derivados do petróleo e de biocombustíveis",-0.7,"admin_projeto"
"Manufatura aditiva","Fabricação de coque, de produtos derivados do petróleo e de biocombustíveis",0,"projeto_producao"
"Manufatura aditiva","Fabricação de produtos químicos",-6.8,"admin_producao"
"Manufatura aditiva","Fabricação de produtos químicos",-14.4,"admin_projeto"
"Manufatura aditiva","Fabricação de produtos químicos",7.6,"projeto_producao"
"Manufatura aditiva","Fabricação de produtos farmoquímicos e farmacêuticos",-6.8,"admin_producao"
"Manufatura aditiva","Fabricação de produtos farmoquímicos e farmacêuticos",-8.3,"admin_projeto"
"Manufatura aditiva","Fabricação de produtos farmoquímicos e farmacêuticos",1.5,"projeto_producao"
"Manufatura aditiva","Fabricação de artigos de borracha e plástico",-12.9,"admin_producao"
"Manufatura aditiva","Fabricação de artigos de borracha e plástico",-24.6,"admin_projeto"
"Manufatura aditiva","Fabricação de artigos de borracha e plástico",11.7,"projeto_producao"
"Manufatura aditiva","Fabricação de produtos de minerais não-metálicos",-5.5,"admin_producao"
"Manufatura aditiva","Fabricação de produtos de minerais não-metálicos",-11.2,"admin_projeto"
"Manufatura aditiva","Fabricação de produtos de minerais não-metálicos",5.7,"projeto_producao"
"Manufatura aditiva","Metalurgia",-8.3,"admin_producao"
"Manufatura aditiva","Metalurgia",-12.8,"admin_projeto"
"Manufatura aditiva","Metalurgia",4.5,"projeto_producao"
"Manufatura aditiva","Fabricação de produtos de metal",-10.1,"admin_producao"
"Manufatura aditiva","Fabricação de produtos de metal",-10.1,"admin_projeto"
"Manufatura aditiva","Fabricação de produtos de metal",0,"projeto_producao"
"Manufatura aditiva","Fabricação de equipamentos de informática, produtos eletrônicos e ópticos",-30.3,"admin_producao"
"Manufatura aditiva","Fabricação de equipamentos de informática, produtos eletrônicos e ópticos",-40.6,"admin_projeto"
"Manufatura aditiva","Fabricação de equipamentos de informática, produtos eletrônicos e ópticos",10.3,"projeto_producao"
"Manufatura aditiva","Fabricação de máquinas, aparelhos e materiais elétricos",-15.1,"admin_producao"
"Manufatura aditiva","Fabricação de máquinas, aparelhos e materiais elétricos",-37.8,"admin_projeto"
"Manufatura aditiva","Fabricação de máquinas, aparelhos e materiais elétricos",22.7,"projeto_producao"
"Manufatura aditiva","Fabricação de máquinas e equipamentos",-10.8,"admin_producao"
"Manufatura aditiva","Fabricação de máquinas e equipamentos",-26.2,"admin_projeto"
"Manufatura aditiva","Fabricação de máquinas e equipamentos",15.4,"projeto_producao"
"Manufatura aditiva","Fabricação de veículos automotores, reboques e carrocerias",-9.4,"admin_producao"
"Manufatura aditiva","Fabricação de veículos automotores, reboques e carrocerias",-22.6,"admin_projeto"
"Manufatura aditiva","Fabricação de veículos automotores, reboques e carrocerias",13.2,"projeto_producao"
"Manufatura aditiva","Fabricação de outros equipamentos de transporte",-2.6,"admin_producao"
"Manufatura aditiva","Fabricação de outros equipamentos de transporte",-31,"admin_projeto"
"Manufatura aditiva","Fabricação de outros equipamentos de transporte",28.4,"projeto_producao"
"Manufatura aditiva","Fabricação de móveis",-5.7,"admin_producao"
"Manufatura aditiva","Fabricação de móveis",-8.4,"admin_projeto"
"Manufatura aditiva","Fabricação de móveis",2.7,"projeto_producao"
"Manufatura aditiva","Fabricação de produtos diversos",-15.6,"admin_producao"
"Manufatura aditiva","Fabricação de produtos diversos",-40.3,"admin_projeto"
"Manufatura aditiva","Fabricação de produtos diversos",24.7,"projeto_producao"
"Manufatura aditiva","Manutenção, reparação e instalação de máquinas e equipamentos",-6.5,"admin_producao"
"Manufatura aditiva","Manutenção, reparação e instalação de máquinas e equipamentos",-6.8,"admin_projeto"
"Manufatura aditiva","Manutenção, reparação e instalação de máquinas e equipamentos",0.3,"projeto_producao"
"Robótica","Fabricação de produtos alimentícios",-16.9,"admin_producao"
"Robótica","Fabricação de produtos alimentícios",-7.4,"admin_projeto"
"Robótica","Fabricação de produtos alimentícios",-9.5,"projeto_producao"
"Robótica","Fabricação de bebidas",-8.7,"admin_producao"
"Robótica","Fabricação de bebidas",-5.6,"admin_projeto"
"Robótica","Fabricação de bebidas",-3.1,"projeto_producao"
"Robótica","Fabricação de produtos do fumo",-18.3,"admin_producao"
"Robótica","Fabricação de produtos do fumo",0,"admin_projeto"
"Robótica","Fabricação de produtos do fumo",-18.3,"projeto_producao"
"Robótica","Fabricação de produtos têxteis",-6.2,"admin_producao"
"Robótica","Fabricação de produtos têxteis",0.2,"admin_projeto"
"Robótica","Fabricação de produtos têxteis",-6.4,"projeto_producao"
"Robótica","Confecção de artigos do vestuário e acessórios",-12.7,"admin_producao"
"Robótica","Confecção de artigos do vestuário e acessórios",-4.9,"admin_projeto"
"Robótica","Confecção de artigos do vestuário e acessórios",-7.8,"projeto_producao"
"Robótica","Preparação de couros e fabricação de artefatos de couro, artigos de viagem e calçados",-15.4,"admin_producao"
"Robótica","Preparação de couros e fabricação de artefatos de couro, artigos de viagem e calçados",-11.2,"admin_projeto"
"Robótica","Preparação de couros e fabricação de artefatos de couro, artigos de viagem e calçados",-4.2,"projeto_producao"
"Robótica","Fabricação de produtos de madeira",-9.7,"admin_producao"
"Robótica","Fabricação de produtos de madeira",2.1,"admin_projeto"
"Robótica","Fabricação de produtos de madeira",-11.8,"projeto_producao"
"Robótica","Fabricação de celulose, papel e produtos de papel",-13.6,"admin_producao"
"Robótica","Fabricação de celulose, papel e produtos de papel",-1.5,"admin_projeto"
"Robótica","Fabricação de celulose, papel e produtos de papel",-12.1,"projeto_producao"
"Robótica","Impressão e reprodução de gravações",-11.8,"admin_producao"
"Robótica","Impressão e reprodução de gravações",-10,"admin_projeto"
"Robótica","Impressão e reprodução de gravações",-1.8,"projeto_producao"
"Robótica","Fabricação de coque, de produtos derivados do petróleo e de biocombustíveis",-15.8,"admin_producao"
"Robótica","Fabricação de coque, de produtos derivados do petróleo e de biocombustíveis",-4,"admin_projeto"
"Robótica","Fabricação de coque, de produtos derivados do petróleo e de biocombustíveis",-11.8,"projeto_producao"
"Robótica","Fabricação de produtos químicos",-16.7,"admin_producao"
"Robótica","Fabricação de produtos químicos",-5.4,"admin_projeto"
"Robótica","Fabricação de produtos químicos",-11.3,"projeto_producao"
"Robótica","Fabricação de produtos farmoquímicos e farmacêuticos",-16.3,"admin_producao"
"Robótica","Fabricação de produtos farmoquímicos e farmacêuticos",0.3,"admin_projeto"
"Robótica","Fabricação de produtos farmoquímicos e farmacêuticos",-16.6,"projeto_producao"
"Robótica","Fabricação de artigos de borracha e plástico",-28.5,"admin_producao"
"Robótica","Fabricação de artigos de borracha e plástico",-4.6,"admin_projeto"
"Robótica","Fabricação de artigos de borracha e plástico",-23.9,"projeto_producao"
"Robótica","Fabricação de produtos de minerais não-metálicos",-21.6,"admin_producao"
"Robótica","Fabricação de produtos de minerais não-metálicos",-2.9,"admin_projeto"
"Robótica","Fabricação de produtos de minerais não-metálicos",-18.7,"projeto_producao"
"Robótica","Metalurgia",-16.8,"admin_producao"
"Robótica","Metalurgia",-1.5,"admin_projeto"
"Robótica","Metalurgia",-15.3,"projeto_producao"
"Robótica","Fabricação de produtos de metal",-26.2,"admin_producao"
"Robótica","Fabricação de produtos de metal",-13.2,"admin_projeto"
"Robótica","Fabricação de produtos de metal",-13,"projeto_producao"
"Robótica","Fabricação de equipamentos de informática, produtos eletrônicos e ópticos",-36,"admin_producao"
"Robótica","Fabricação de equipamentos de informática, produtos eletrônicos e ópticos",-23.6,"admin_projeto"
"Robótica","Fabricação de equipamentos de informática, produtos eletrônicos e ópticos",-12.4,"projeto_producao"
"Robótica","Fabricação de máquinas, aparelhos e materiais elétricos",-31.9,"admin_producao"
"Robótica","Fabricação de máquinas, aparelhos e materiais elétricos",-19.7,"admin_projeto"
"Robótica","Fabricação de máquinas, aparelhos e materiais elétricos",-12.2,"projeto_producao"
"Robótica","Fabricação de máquinas e equipamentos",-23.9,"admin_producao"
"Robótica","Fabricação de máquinas e equipamentos",-14.9,"admin_projeto"
"Robótica","Fabricação de máquinas e equipamentos",-9,"projeto_producao"
"Robótica","Fabricação de veículos automotores, reboques e carrocerias",-29.6,"admin_producao"
"Robótica","Fabricação de veículos automotores, reboques e carrocerias",-18,"admin_projeto"
"Robótica","Fabricação de veículos automotores, reboques e carrocerias",-11.6,"projeto_producao"
"Robótica","Fabricação de outros equipamentos de transporte",-37.6,"admin_producao"
"Robótica","Fabricação de outros equipamentos de transporte",-25.9,"admin_projeto"
"Robótica","Fabricação de outros equipamentos de transporte",-11.7,"projeto_producao"
"Robótica","Fabricação de móveis",-28.6,"admin_producao"
"Robótica","Fabricação de móveis",-12.4,"admin_projeto"
"Robótica","Fabricação de móveis",-16.2,"projeto_producao"
"Robótica","Fabricação de produtos diversos",-23.3,"admin_producao"
"Robótica","Fabricação de produtos diversos",-10.7,"admin_projeto"
"Robótica","Fabricação de produtos diversos",-12.6,"projeto_producao"
"Robótica","Manutenção, reparação e instalação de máquinas e equipamentos",-7.2,"admin_producao"
"Robótica","Manutenção, reparação e instalação de máquinas e equipamentos",-5.5,"admin_projeto"
"Robótica","Manutenção, reparação e instalação de máquinas e equipamentos",-1.7,"projeto_producao"
